District,Area (Ha),Production (Tonnes),Year,Disruption,Severity (%),Production Loss (Tonnes),Adjusted Production (Tonnes),Description
Thiruvananthapuram,2264.23,959.8,2001,0,0,0.0,959.8,"In 2001, the district Thiruvananthapuram had an area of 2264.23 hectares dedicated to pepper cultivation, producing 959.8 tonnes without any disruptions."
Kollam,3480.09,1142.26,2001,0,0,0.0,1142.26,"In 2001, the district Kollam had an area of 3480.09 hectares dedicated to pepper cultivation, producing 1142.26 tonnes without any disruptions."
Pathanamthitta,1746.6,612.9,2001,0,0,0.0,612.9,"In 2001, the district Pathanamthitta had an area of 1746.6 hectares dedicated to pepper cultivation, producing 612.9 tonnes without any disruptions."
Alappuzha,622.08,135.32,2001,0,0,0.0,135.32,"In 2001, the district Alappuzha had an area of 622.08 hectares dedicated to pepper cultivation, producing 135.32 tonnes without any disruptions."
Kottayam,3104.41,1110.44,2001,0,0,0.0,1110.44,"In 2001, the district Kottayam had an area of 3104.41 hectares dedicated to pepper cultivation, producing 1110.44 tonnes without any disruptions."
Idukki,41225.3,24617.96,2001,0,0,0.0,24617.96,"In 2001, the district Idukki had an area of 41225.3 hectares dedicated to pepper cultivation, producing 24617.96 tonnes without any disruptions."
Ernakulam,1784.49,503.71,2001,0,0,0.0,503.71,"In 2001, the district Ernakulam had an area of 1784.49 hectares dedicated to pepper cultivation, producing 503.71 tonnes without any disruptions."
Thrissur,1855.55,496.54,2001,0,0,0.0,496.54,"In 2001, the district Thrissur had an area of 1855.55 hectares dedicated to pepper cultivation, producing 496.54 tonnes without any disruptions."
Palakkad,2535.38,963.65,2001,0,0,0.0,963.65,"In 2001, the district Palakkad had an area of 2535.38 hectares dedicated to pepper cultivation, producing 963.65 tonnes without any disruptions."
Malappuram,2999.13,469.57,2001,0,0,0.0,469.57,"In 2001, the district Malappuram had an area of 2999.13 hectares dedicated to pepper cultivation, producing 469.57 tonnes without any disruptions."
Kozhikode,3307.45,889.22,2001,0,0,0.0,889.22,"In 2001, the district Kozhikode had an area of 3307.45 hectares dedicated to pepper cultivation, producing 889.22 tonnes without any disruptions."
Wayanad,13085.29,6902.81,2001,0,0,0.0,6902.81,"In 2001, the district Wayanad had an area of 13085.29 hectares dedicated to pepper cultivation, producing 6902.81 tonnes without any disruptions."
Kannur,4410.92,1604.63,2001,0,0,0.0,1604.63,"In 2001, the district Kannur had an area of 4410.92 hectares dedicated to pepper cultivation, producing 1604.63 tonnes without any disruptions."
Kasaragode,2667.98,1154.8,2001,0,0,0.0,1154.8,"In 2001, the district Kasaragode had an area of 2667.98 hectares dedicated to pepper cultivation, producing 1154.8 tonnes without any disruptions."
Thiruvananthapuram,2220.04,941.07,2002,0,0,0.0,941.07,"In 2002, the district Thiruvananthapuram had an area of 2220.04 hectares dedicated to pepper cultivation, producing 941.07 tonnes without any disruptions."
Kollam,3224.57,1058.39,2002,0,0,0.0,1058.39,"In 2002, the district Kollam had an area of 3224.57 hectares dedicated to pepper cultivation, producing 1058.39 tonnes without any disruptions."
Pathanamthitta,1673.58,587.27,2002,0,0,0.0,587.27,"In 2002, the district Pathanamthitta had an area of 1673.58 hectares dedicated to pepper cultivation, producing 587.27 tonnes without any disruptions."
Alappuzha,617.52,134.33,2002,0,0,0.0,134.33,"In 2002, the district Alappuzha had an area of 617.52 hectares dedicated to pepper cultivation, producing 134.33 tonnes without any disruptions."
Kottayam,3193.12,1142.17,2002,0,0,0.0,1142.17,"In 2002, the district Kottayam had an area of 3193.12 hectares dedicated to pepper cultivation, producing 1142.17 tonnes without any disruptions."
Idukki,41802.67,24962.74,2002,0,0,0.0,24962.74,"In 2002, the district Idukki had an area of 41802.67 hectares dedicated to pepper cultivation, producing 24962.74 tonnes without any disruptions."
Ernakulam,1887.88,532.89,2002,0,0,0.0,532.89,"In 2002, the district Ernakulam had an area of 1887.88 hectares dedicated to pepper cultivation, producing 532.89 tonnes without any disruptions."
Thrissur,1725.47,461.73,2002,0,0,0.0,461.73,"In 2002, the district Thrissur had an area of 1725.47 hectares dedicated to pepper cultivation, producing 461.73 tonnes without any disruptions."
Palakkad,2457.83,934.17,2002,0,0,0.0,934.17,"In 2002, the district Palakkad had an area of 2457.83 hectares dedicated to pepper cultivation, producing 934.17 tonnes without any disruptions."
Malappuram,2898.74,453.85,2002,0,0,0.0,453.85,"In 2002, the district Malappuram had an area of 2898.74 hectares dedicated to pepper cultivation, producing 453.85 tonnes without any disruptions."
Kozhikode,3458.74,929.9,2002,0,0,0.0,929.9,"In 2002, the district Kozhikode had an area of 3458.74 hectares dedicated to pepper cultivation, producing 929.9 tonnes without any disruptions."
Wayanad,12854.41,6781.01,2002,0,0,0.0,6781.01,"In 2002, the district Wayanad had an area of 12854.41 hectares dedicated to pepper cultivation, producing 6781.01 tonnes without any disruptions."
Kannur,4140.79,1506.36,2002,0,0,0.0,1506.36,"In 2002, the district Kannur had an area of 4140.79 hectares dedicated to pepper cultivation, producing 1506.36 tonnes without any disruptions."
Kasaragode,2750.91,1190.69,2002,0,0,0.0,1190.69,"In 2002, the district Kasaragode had an area of 2750.91 hectares dedicated to pepper cultivation, producing 1190.69 tonnes without any disruptions."
Thiruvananthapuram,2314.19,980.98,2003,0,0,0.0,980.98,"In 2003, the district Thiruvananthapuram had an area of 2314.19 hectares dedicated to pepper cultivation, producing 980.98 tonnes without any disruptions."
Kollam,3178.97,1043.43,2003,0,0,0.0,1043.43,"In 2003, the district Kollam had an area of 3178.97 hectares dedicated to pepper cultivation, producing 1043.43 tonnes without any disruptions."
Pathanamthitta,1725.36,605.44,2003,0,0,0.0,605.44,"In 2003, the district Pathanamthitta had an area of 1725.36 hectares dedicated to pepper cultivation, producing 605.44 tonnes without any disruptions."
Alappuzha,595.7,129.58,2003,0,0,0.0,129.58,"In 2003, the district Alappuzha had an area of 595.7 hectares dedicated to pepper cultivation, producing 129.58 tonnes without any disruptions."
Kottayam,3075.16,1099.98,2003,0,0,0.0,1099.98,"In 2003, the district Kottayam had an area of 3075.16 hectares dedicated to pepper cultivation, producing 1099.98 tonnes without any disruptions."
Idukki,44610.47,26639.43,2003,0,0,0.0,26639.43,"In 2003, the district Idukki had an area of 44610.47 hectares dedicated to pepper cultivation, producing 26639.43 tonnes without any disruptions."
Ernakulam,1953.93,551.54,2003,0,0,0.0,551.54,"In 2003, the district Ernakulam had an area of 1953.93 hectares dedicated to pepper cultivation, producing 551.54 tonnes without any disruptions."
Thrissur,1845.2,493.77,2003,0,0,0.0,493.77,"In 2003, the district Thrissur had an area of 1845.2 hectares dedicated to pepper cultivation, producing 493.77 tonnes without any disruptions."
Palakkad,2460.96,935.36,2003,0,0,0.0,935.36,"In 2003, the district Palakkad had an area of 2460.96 hectares dedicated to pepper cultivation, producing 935.36 tonnes without any disruptions."
Malappuram,2819.8,441.49,2003,0,0,0.0,441.49,"In 2003, the district Malappuram had an area of 2819.8 hectares dedicated to pepper cultivation, producing 441.49 tonnes without any disruptions."
Kozhikode,3538.0,951.21,2003,0,0,0.0,951.21,"In 2003, the district Kozhikode had an area of 3538.0 hectares dedicated to pepper cultivation, producing 951.21 tonnes without any disruptions."
Wayanad,12423.2,6553.54,2003,0,0,0.0,6553.54,"In 2003, the district Wayanad had an area of 12423.2 hectares dedicated to pepper cultivation, producing 6553.54 tonnes without any disruptions."
Kannur,4107.65,1494.3,2003,0,0,0.0,1494.3,"In 2003, the district Kannur had an area of 4107.65 hectares dedicated to pepper cultivation, producing 1494.3 tonnes without any disruptions."
Kasaragode,2745.68,1188.43,2003,0,0,0.0,1188.43,"In 2003, the district Kasaragode had an area of 2745.68 hectares dedicated to pepper cultivation, producing 1188.43 tonnes without any disruptions."
Thiruvananthapuram,2186.24,926.74,2004,0,0,0.0,926.74,"In 2004, the district Thiruvananthapuram had an area of 2186.24 hectares dedicated to pepper cultivation, producing 926.74 tonnes without any disruptions."
Kollam,3466.3,1137.74,2004,0,0,0.0,1137.74,"In 2004, the district Kollam had an area of 3466.3 hectares dedicated to pepper cultivation, producing 1137.74 tonnes without any disruptions."
Pathanamthitta,1665.82,584.55,2004,0,0,0.0,584.55,"In 2004, the district Pathanamthitta had an area of 1665.82 hectares dedicated to pepper cultivation, producing 584.55 tonnes without any disruptions."
Alappuzha,626.01,136.18,2004,0,0,0.0,136.18,"In 2004, the district Alappuzha had an area of 626.01 hectares dedicated to pepper cultivation, producing 136.18 tonnes without any disruptions."
Kottayam,3154.47,1128.35,2004,0,0,0.0,1128.35,"In 2004, the district Kottayam had an area of 3154.47 hectares dedicated to pepper cultivation, producing 1128.35 tonnes without any disruptions."
Idukki,42779.68,25546.16,2004,0,0,0.0,25546.16,"In 2004, the district Idukki had an area of 42779.68 hectares dedicated to pepper cultivation, producing 25546.16 tonnes without any disruptions."
Ernakulam,1875.72,529.46,2004,0,0,0.0,529.46,"In 2004, the district Ernakulam had an area of 1875.72 hectares dedicated to pepper cultivation, producing 529.46 tonnes without any disruptions."
Thrissur,1733.59,463.9,2004,0,0,0.0,463.9,"In 2004, the district Thrissur had an area of 1733.59 hectares dedicated to pepper cultivation, producing 463.9 tonnes without any disruptions."
Palakkad,2627.87,998.8,2004,0,0,0.0,998.8,"In 2004, the district Palakkad had an area of 2627.87 hectares dedicated to pepper cultivation, producing 998.8 tonnes without any disruptions."
Malappuram,3018.83,472.66,2004,0,0,0.0,472.66,"In 2004, the district Malappuram had an area of 3018.83 hectares dedicated to pepper cultivation, producing 472.66 tonnes without any disruptions."
Kozhikode,3626.68,975.05,2004,0,0,0.0,975.05,"In 2004, the district Kozhikode had an area of 3626.68 hectares dedicated to pepper cultivation, producing 975.05 tonnes without any disruptions."
Wayanad,12991.46,6853.31,2004,0,0,0.0,6853.31,"In 2004, the district Wayanad had an area of 12991.46 hectares dedicated to pepper cultivation, producing 6853.31 tonnes without any disruptions."
Kannur,4310.79,1568.2,2004,0,0,0.0,1568.2,"In 2004, the district Kannur had an area of 4310.79 hectares dedicated to pepper cultivation, producing 1568.2 tonnes without any disruptions."
Kasaragode,2862.89,1239.16,2004,0,0,0.0,1239.16,"In 2004, the district Kasaragode had an area of 2862.89 hectares dedicated to pepper cultivation, producing 1239.16 tonnes without any disruptions."
Thiruvananthapuram,2198.64,932.0,2005,0,0,0.0,932.0,"In 2005, the district Thiruvananthapuram had an area of 2198.64 hectares dedicated to pepper cultivation, producing 932.0 tonnes without any disruptions."
Kollam,3228.76,1059.77,2005,0,0,0.0,1059.77,"In 2005, the district Kollam had an area of 3228.76 hectares dedicated to pepper cultivation, producing 1059.77 tonnes without any disruptions."
Pathanamthitta,1629.37,571.76,2005,0,0,0.0,571.76,"In 2005, the district Pathanamthitta had an area of 1629.37 hectares dedicated to pepper cultivation, producing 571.76 tonnes without any disruptions."
Alappuzha,605.24,131.66,2005,0,0,0.0,131.66,"In 2005, the district Alappuzha had an area of 605.24 hectares dedicated to pepper cultivation, producing 131.66 tonnes without any disruptions."
Kottayam,3179.21,1137.2,2005,0,0,0.0,1137.2,"In 2005, the district Kottayam had an area of 3179.21 hectares dedicated to pepper cultivation, producing 1137.2 tonnes without any disruptions."
Idukki,41717.8,24912.06,2005,0,0,0.0,24912.06,"In 2005, the district Idukki had an area of 41717.8 hectares dedicated to pepper cultivation, producing 24912.06 tonnes without any disruptions."
Ernakulam,1928.38,544.33,2005,0,0,0.0,544.33,"In 2005, the district Ernakulam had an area of 1928.38 hectares dedicated to pepper cultivation, producing 544.33 tonnes without any disruptions."
Thrissur,1764.36,472.14,2005,0,0,0.0,472.14,"In 2005, the district Thrissur had an area of 1764.36 hectares dedicated to pepper cultivation, producing 472.14 tonnes without any disruptions."
Palakkad,2455.01,933.1,2005,0,0,0.0,933.1,"In 2005, the district Palakkad had an area of 2455.01 hectares dedicated to pepper cultivation, producing 933.1 tonnes without any disruptions."
Malappuram,2950.54,461.96,2005,0,0,0.0,461.96,"In 2005, the district Malappuram had an area of 2950.54 hectares dedicated to pepper cultivation, producing 461.96 tonnes without any disruptions."
Kozhikode,3349.26,900.46,2005,0,0,0.0,900.46,"In 2005, the district Kozhikode had an area of 3349.26 hectares dedicated to pepper cultivation, producing 900.46 tonnes without any disruptions."
Wayanad,12875.69,6792.24,2005,0,0,0.0,6792.24,"In 2005, the district Wayanad had an area of 12875.69 hectares dedicated to pepper cultivation, producing 6792.24 tonnes without any disruptions."
Kannur,4087.38,1486.93,2005,0,0,0.0,1486.93,"In 2005, the district Kannur had an area of 4087.38 hectares dedicated to pepper cultivation, producing 1486.93 tonnes without any disruptions."
Kasaragode,2880.75,1246.89,2005,0,0,0.0,1246.89,"In 2005, the district Kasaragode had an area of 2880.75 hectares dedicated to pepper cultivation, producing 1246.89 tonnes without any disruptions."
Thiruvananthapuram,2355.43,998.46,2006,0,0,0.0,998.46,"In 2006, the district Thiruvananthapuram had an area of 2355.43 hectares dedicated to pepper cultivation, producing 998.46 tonnes without any disruptions."
Kollam,3229.67,1060.07,2006,0,0,0.0,1060.07,"In 2006, the district Kollam had an area of 3229.67 hectares dedicated to pepper cultivation, producing 1060.07 tonnes without any disruptions."
Pathanamthitta,1622.59,569.38,2006,0,0,0.0,569.38,"In 2006, the district Pathanamthitta had an area of 1622.59 hectares dedicated to pepper cultivation, producing 569.38 tonnes without any disruptions."
Alappuzha,635.43,138.23,2006,0,0,0.0,138.23,"In 2006, the district Alappuzha had an area of 635.43 hectares dedicated to pepper cultivation, producing 138.23 tonnes without any disruptions."
Kottayam,3281.5,1173.79,2006,0,0,0.0,1173.79,"In 2006, the district Kottayam had an area of 3281.5 hectares dedicated to pepper cultivation, producing 1173.79 tonnes without any disruptions."
Idukki,43671.72,26078.85,2006,0,0,0.0,26078.85,"In 2006, the district Idukki had an area of 43671.72 hectares dedicated to pepper cultivation, producing 26078.85 tonnes without any disruptions."
Ernakulam,1917.65,541.3,2006,0,0,0.0,541.3,"In 2006, the district Ernakulam had an area of 1917.65 hectares dedicated to pepper cultivation, producing 541.3 tonnes without any disruptions."
Thrissur,1713.75,458.6,2006,0,0,0.0,458.6,"In 2006, the district Thrissur had an area of 1713.75 hectares dedicated to pepper cultivation, producing 458.6 tonnes without any disruptions."
Palakkad,2474.47,940.5,2006,0,0,0.0,940.5,"In 2006, the district Palakkad had an area of 2474.47 hectares dedicated to pepper cultivation, producing 940.5 tonnes without any disruptions."
Malappuram,2825.14,442.33,2006,0,0,0.0,442.33,"In 2006, the district Malappuram had an area of 2825.14 hectares dedicated to pepper cultivation, producing 442.33 tonnes without any disruptions."
Kozhikode,3600.14,967.91,2006,0,0,0.0,967.91,"In 2006, the district Kozhikode had an area of 3600.14 hectares dedicated to pepper cultivation, producing 967.91 tonnes without any disruptions."
Wayanad,12652.1,6674.29,2006,0,0,0.0,6674.29,"In 2006, the district Wayanad had an area of 12652.1 hectares dedicated to pepper cultivation, producing 6674.29 tonnes without any disruptions."
Kannur,4196.81,1526.74,2006,0,0,0.0,1526.74,"In 2006, the district Kannur had an area of 4196.81 hectares dedicated to pepper cultivation, producing 1526.74 tonnes without any disruptions."
Kasaragode,2627.11,1137.11,2006,0,0,0.0,1137.11,"In 2006, the district Kasaragode had an area of 2627.11 hectares dedicated to pepper cultivation, producing 1137.11 tonnes without any disruptions."
Thiruvananthapuram,2249.66,953.63,2007,0,0,0.0,953.63,"In 2007, the district Thiruvananthapuram had an area of 2249.66 hectares dedicated to pepper cultivation, producing 953.63 tonnes without any disruptions."
Kollam,3271.79,1073.89,2007,0,0,0.0,1073.89,"In 2007, the district Kollam had an area of 3271.79 hectares dedicated to pepper cultivation, producing 1073.89 tonnes without any disruptions."
Pathanamthitta,1746.19,612.75,2007,0,0,0.0,612.75,"In 2007, the district Pathanamthitta had an area of 1746.19 hectares dedicated to pepper cultivation, producing 612.75 tonnes without any disruptions."
Alappuzha,624.47,135.84,2007,0,0,0.0,135.84,"In 2007, the district Alappuzha had an area of 624.47 hectares dedicated to pepper cultivation, producing 135.84 tonnes without any disruptions."
Kottayam,3339.49,1194.53,2007,0,0,0.0,1194.53,"In 2007, the district Kottayam had an area of 3339.49 hectares dedicated to pepper cultivation, producing 1194.53 tonnes without any disruptions."
Idukki,42575.37,25424.16,2007,0,0,0.0,25424.16,"In 2007, the district Idukki had an area of 42575.37 hectares dedicated to pepper cultivation, producing 25424.16 tonnes without any disruptions."
Ernakulam,1795.98,506.95,2007,0,0,0.0,506.95,"In 2007, the district Ernakulam had an area of 1795.98 hectares dedicated to pepper cultivation, producing 506.95 tonnes without any disruptions."
Thrissur,1828.17,489.21,2007,0,0,0.0,489.21,"In 2007, the district Thrissur had an area of 1828.17 hectares dedicated to pepper cultivation, producing 489.21 tonnes without any disruptions."
Palakkad,2575.46,978.88,2007,0,0,0.0,978.88,"In 2007, the district Palakkad had an area of 2575.46 hectares dedicated to pepper cultivation, producing 978.88 tonnes without any disruptions."
Malappuram,2956.0,462.82,2007,0,0,0.0,462.82,"In 2007, the district Malappuram had an area of 2956.0 hectares dedicated to pepper cultivation, producing 462.82 tonnes without any disruptions."
Kozhikode,3568.13,959.31,2007,0,0,0.0,959.31,"In 2007, the district Kozhikode had an area of 3568.13 hectares dedicated to pepper cultivation, producing 959.31 tonnes without any disruptions."
Wayanad,12490.25,6588.91,2007,0,0,0.0,6588.91,"In 2007, the district Wayanad had an area of 12490.25 hectares dedicated to pepper cultivation, producing 6588.91 tonnes without any disruptions."
Kannur,4278.7,1556.53,2007,0,0,0.0,1556.53,"In 2007, the district Kannur had an area of 4278.7 hectares dedicated to pepper cultivation, producing 1556.53 tonnes without any disruptions."
Kasaragode,2727.1,1180.39,2007,0,0,0.0,1180.39,"In 2007, the district Kasaragode had an area of 2727.1 hectares dedicated to pepper cultivation, producing 1180.39 tonnes without any disruptions."
Thiruvananthapuram,2184.18,925.87,2008,0,0,0.0,925.87,"In 2008, the district Thiruvananthapuram had an area of 2184.18 hectares dedicated to pepper cultivation, producing 925.87 tonnes without any disruptions."
Kollam,3199.43,1050.14,2008,0,0,0.0,1050.14,"In 2008, the district Kollam had an area of 3199.43 hectares dedicated to pepper cultivation, producing 1050.14 tonnes without any disruptions."
Pathanamthitta,1627.01,570.93,2008,0,0,0.0,570.93,"In 2008, the district Pathanamthitta had an area of 1627.01 hectares dedicated to pepper cultivation, producing 570.93 tonnes without any disruptions."
Alappuzha,624.4,135.83,2008,0,0,0.0,135.83,"In 2008, the district Alappuzha had an area of 624.4 hectares dedicated to pepper cultivation, producing 135.83 tonnes without any disruptions."
Kottayam,3155.32,1128.65,2008,0,0,0.0,1128.65,"In 2008, the district Kottayam had an area of 3155.32 hectares dedicated to pepper cultivation, producing 1128.65 tonnes without any disruptions."
Idukki,42730.59,25516.85,2008,0,0,0.0,25516.85,"In 2008, the district Idukki had an area of 42730.59 hectares dedicated to pepper cultivation, producing 25516.85 tonnes without any disruptions."
Ernakulam,1943.09,548.48,2008,0,0,0.0,548.48,"In 2008, the district Ernakulam had an area of 1943.09 hectares dedicated to pepper cultivation, producing 548.48 tonnes without any disruptions."
Thrissur,1745.12,466.99,2008,0,0,0.0,466.99,"In 2008, the district Thrissur had an area of 1745.12 hectares dedicated to pepper cultivation, producing 466.99 tonnes without any disruptions."
Palakkad,2487.51,945.45,2008,0,0,0.0,945.45,"In 2008, the district Palakkad had an area of 2487.51 hectares dedicated to pepper cultivation, producing 945.45 tonnes without any disruptions."
Malappuram,3013.08,471.76,2008,0,0,0.0,471.76,"In 2008, the district Malappuram had an area of 3013.08 hectares dedicated to pepper cultivation, producing 471.76 tonnes without any disruptions."
Kozhikode,3379.78,908.67,2008,0,0,0.0,908.67,"In 2008, the district Kozhikode had an area of 3379.78 hectares dedicated to pepper cultivation, producing 908.67 tonnes without any disruptions."
Wayanad,11969.31,6314.1,2008,0,0,0.0,6314.1,"In 2008, the district Wayanad had an area of 11969.31 hectares dedicated to pepper cultivation, producing 6314.1 tonnes without any disruptions."
Kannur,4179.24,1520.35,2008,0,0,0.0,1520.35,"In 2008, the district Kannur had an area of 4179.24 hectares dedicated to pepper cultivation, producing 1520.35 tonnes without any disruptions."
Kasaragode,2653.94,1148.72,2008,0,0,0.0,1148.72,"In 2008, the district Kasaragode had an area of 2653.94 hectares dedicated to pepper cultivation, producing 1148.72 tonnes without any disruptions."
Thiruvananthapuram,2391.53,1013.77,2009,0,0,0.0,1013.77,"In 2009, the district Thiruvananthapuram had an area of 2391.53 hectares dedicated to pepper cultivation, producing 1013.77 tonnes without any disruptions."
Kollam,3432.6,1126.68,2009,0,0,0.0,1126.68,"In 2009, the district Kollam had an area of 3432.6 hectares dedicated to pepper cultivation, producing 1126.68 tonnes without any disruptions."
Pathanamthitta,1729.77,606.99,2009,0,0,0.0,606.99,"In 2009, the district Pathanamthitta had an area of 1729.77 hectares dedicated to pepper cultivation, producing 606.99 tonnes without any disruptions."
Alappuzha,638.88,138.98,2009,0,0,0.0,138.98,"In 2009, the district Alappuzha had an area of 638.88 hectares dedicated to pepper cultivation, producing 138.98 tonnes without any disruptions."
Kottayam,3312.63,1184.92,2009,0,0,0.0,1184.92,"In 2009, the district Kottayam had an area of 3312.63 hectares dedicated to pepper cultivation, producing 1184.92 tonnes without any disruptions."
Idukki,41355.84,24695.91,2009,0,0,0.0,24695.91,"In 2009, the district Idukki had an area of 41355.84 hectares dedicated to pepper cultivation, producing 24695.91 tonnes without any disruptions."
Ernakulam,1940.29,547.69,2009,0,0,0.0,547.69,"In 2009, the district Ernakulam had an area of 1940.29 hectares dedicated to pepper cultivation, producing 547.69 tonnes without any disruptions."
Thrissur,1797.04,480.88,2009,0,0,0.0,480.88,"In 2009, the district Thrissur had an area of 1797.04 hectares dedicated to pepper cultivation, producing 480.88 tonnes without any disruptions."
Palakkad,2587.17,983.33,2009,0,0,0.0,983.33,"In 2009, the district Palakkad had an area of 2587.17 hectares dedicated to pepper cultivation, producing 983.33 tonnes without any disruptions."
Malappuram,3054.37,478.22,2009,0,0,0.0,478.22,"In 2009, the district Malappuram had an area of 3054.37 hectares dedicated to pepper cultivation, producing 478.22 tonnes without any disruptions."
Kozhikode,3410.77,917.0,2009,0,0,0.0,917.0,"In 2009, the district Kozhikode had an area of 3410.77 hectares dedicated to pepper cultivation, producing 917.0 tonnes without any disruptions."
Wayanad,12010.64,6335.91,2009,0,0,0.0,6335.91,"In 2009, the district Wayanad had an area of 12010.64 hectares dedicated to pepper cultivation, producing 6335.91 tonnes without any disruptions."
Kannur,4152.86,1510.75,2009,0,0,0.0,1510.75,"In 2009, the district Kannur had an area of 4152.86 hectares dedicated to pepper cultivation, producing 1510.75 tonnes without any disruptions."
Kasaragode,2726.98,1180.33,2009,0,0,0.0,1180.33,"In 2009, the district Kasaragode had an area of 2726.98 hectares dedicated to pepper cultivation, producing 1180.33 tonnes without any disruptions."
Thiruvananthapuram,2365.92,1002.91,2010,0,0,0.0,1002.91,"In 2010, the district Thiruvananthapuram had an area of 2365.92 hectares dedicated to pepper cultivation, producing 1002.91 tonnes without any disruptions."
Kollam,3450.12,1132.43,2010,0,0,0.0,1132.43,"In 2010, the district Kollam had an area of 3450.12 hectares dedicated to pepper cultivation, producing 1132.43 tonnes without any disruptions."
Pathanamthitta,1622.84,569.47,2010,0,0,0.0,569.47,"In 2010, the district Pathanamthitta had an area of 1622.84 hectares dedicated to pepper cultivation, producing 569.47 tonnes without any disruptions."
Alappuzha,616.66,134.14,2010,0,0,0.0,134.14,"In 2010, the district Alappuzha had an area of 616.66 hectares dedicated to pepper cultivation, producing 134.14 tonnes without any disruptions."
Kottayam,3188.45,1140.5,2010,0,0,0.0,1140.5,"In 2010, the district Kottayam had an area of 3188.45 hectares dedicated to pepper cultivation, producing 1140.5 tonnes without any disruptions."
Idukki,41507.57,24786.52,2010,0,0,0.0,24786.52,"In 2010, the district Idukki had an area of 41507.57 hectares dedicated to pepper cultivation, producing 24786.52 tonnes without any disruptions."
Ernakulam,1796.03,506.97,2010,0,0,0.0,506.97,"In 2010, the district Ernakulam had an area of 1796.03 hectares dedicated to pepper cultivation, producing 506.97 tonnes without any disruptions."
Thrissur,1760.93,471.22,2010,0,0,0.0,471.22,"In 2010, the district Thrissur had an area of 1760.93 hectares dedicated to pepper cultivation, producing 471.22 tonnes without any disruptions."
Palakkad,2621.17,996.25,2010,0,0,0.0,996.25,"In 2010, the district Palakkad had an area of 2621.17 hectares dedicated to pepper cultivation, producing 996.25 tonnes without any disruptions."
Malappuram,2886.06,451.87,2010,0,0,0.0,451.87,"In 2010, the district Malappuram had an area of 2886.06 hectares dedicated to pepper cultivation, producing 451.87 tonnes without any disruptions."
Kozhikode,3480.53,935.76,2010,0,0,0.0,935.76,"In 2010, the district Kozhikode had an area of 3480.53 hectares dedicated to pepper cultivation, producing 935.76 tonnes without any disruptions."
Wayanad,12751.73,6726.85,2010,0,0,0.0,6726.85,"In 2010, the district Wayanad had an area of 12751.73 hectares dedicated to pepper cultivation, producing 6726.85 tonnes without any disruptions."
Kannur,4210.78,1531.82,2010,0,0,0.0,1531.82,"In 2010, the district Kannur had an area of 4210.78 hectares dedicated to pepper cultivation, producing 1531.82 tonnes without any disruptions."
Kasaragode,2876.6,1245.1,2010,0,0,0.0,1245.1,"In 2010, the district Kasaragode had an area of 2876.6 hectares dedicated to pepper cultivation, producing 1245.1 tonnes without any disruptions."
Thiruvananthapuram,2399.04,1016.95,2011,0,0,0.0,1016.95,"In 2011, the district Thiruvananthapuram had an area of 2399.04 hectares dedicated to pepper cultivation, producing 1016.95 tonnes without any disruptions."
Kollam,3247.34,1065.87,2011,0,0,0.0,1065.87,"In 2011, the district Kollam had an area of 3247.34 hectares dedicated to pepper cultivation, producing 1065.87 tonnes without any disruptions."
Pathanamthitta,1706.53,598.84,2011,0,0,0.0,598.84,"In 2011, the district Pathanamthitta had an area of 1706.53 hectares dedicated to pepper cultivation, producing 598.84 tonnes without any disruptions."
Alappuzha,603.73,131.33,2011,0,0,0.0,131.33,"In 2011, the district Alappuzha had an area of 603.73 hectares dedicated to pepper cultivation, producing 131.33 tonnes without any disruptions."
Kottayam,3145.83,1125.26,2011,0,0,0.0,1125.26,"In 2011, the district Kottayam had an area of 3145.83 hectares dedicated to pepper cultivation, producing 1125.26 tonnes without any disruptions."
Idukki,40716.79,24314.3,2011,0,0,0.0,24314.3,"In 2011, the district Idukki had an area of 40716.79 hectares dedicated to pepper cultivation, producing 24314.3 tonnes without any disruptions."
Ernakulam,1887.46,532.78,2011,0,0,0.0,532.78,"In 2011, the district Ernakulam had an area of 1887.46 hectares dedicated to pepper cultivation, producing 532.78 tonnes without any disruptions."
Thrissur,1790.48,479.13,2011,0,0,0.0,479.13,"In 2011, the district Thrissur had an area of 1790.48 hectares dedicated to pepper cultivation, producing 479.13 tonnes without any disruptions."
Palakkad,2397.42,911.21,2011,0,0,0.0,911.21,"In 2011, the district Palakkad had an area of 2397.42 hectares dedicated to pepper cultivation, producing 911.21 tonnes without any disruptions."
Malappuram,2872.97,449.82,2011,0,0,0.0,449.82,"In 2011, the district Malappuram had an area of 2872.97 hectares dedicated to pepper cultivation, producing 449.82 tonnes without any disruptions."
Kozhikode,3615.83,972.13,2011,0,0,0.0,972.13,"In 2011, the district Kozhikode had an area of 3615.83 hectares dedicated to pepper cultivation, producing 972.13 tonnes without any disruptions."
Wayanad,12172.5,6421.29,2011,0,0,0.0,6421.29,"In 2011, the district Wayanad had an area of 12172.5 hectares dedicated to pepper cultivation, producing 6421.29 tonnes without any disruptions."
Kannur,4117.41,1497.85,2011,0,0,0.0,1497.85,"In 2011, the district Kannur had an area of 4117.41 hectares dedicated to pepper cultivation, producing 1497.85 tonnes without any disruptions."
Kasaragode,2744.1,1187.74,2011,0,0,0.0,1187.74,"In 2011, the district Kasaragode had an area of 2744.1 hectares dedicated to pepper cultivation, producing 1187.74 tonnes without any disruptions."
Thiruvananthapuram,2404.36,1019.21,2012,0,0,0.0,1019.21,"In 2012, the district Thiruvananthapuram had an area of 2404.36 hectares dedicated to pepper cultivation, producing 1019.21 tonnes without any disruptions."
Kollam,3244.1,1064.81,2012,0,0,0.0,1064.81,"In 2012, the district Kollam had an area of 3244.1 hectares dedicated to pepper cultivation, producing 1064.81 tonnes without any disruptions."
Pathanamthitta,1736.38,609.31,2012,0,0,0.0,609.31,"In 2012, the district Pathanamthitta had an area of 1736.38 hectares dedicated to pepper cultivation, producing 609.31 tonnes without any disruptions."
Alappuzha,632.12,137.51,2012,0,0,0.0,137.51,"In 2012, the district Alappuzha had an area of 632.12 hectares dedicated to pepper cultivation, producing 137.51 tonnes without any disruptions."
Kottayam,3130.65,1119.83,2012,0,0,0.0,1119.83,"In 2012, the district Kottayam had an area of 3130.65 hectares dedicated to pepper cultivation, producing 1119.83 tonnes without any disruptions."
Idukki,43668.35,26076.84,2012,0,0,0.0,26076.84,"In 2012, the district Idukki had an area of 43668.35 hectares dedicated to pepper cultivation, producing 26076.84 tonnes without any disruptions."
Ernakulam,1842.32,520.03,2012,0,0,0.0,520.03,"In 2012, the district Ernakulam had an area of 1842.32 hectares dedicated to pepper cultivation, producing 520.03 tonnes without any disruptions."
Thrissur,1813.68,485.34,2012,0,0,0.0,485.34,"In 2012, the district Thrissur had an area of 1813.68 hectares dedicated to pepper cultivation, producing 485.34 tonnes without any disruptions."
Palakkad,2543.52,966.74,2012,0,0,0.0,966.74,"In 2012, the district Palakkad had an area of 2543.52 hectares dedicated to pepper cultivation, producing 966.74 tonnes without any disruptions."
Malappuram,2948.51,461.65,2012,0,0,0.0,461.65,"In 2012, the district Malappuram had an area of 2948.51 hectares dedicated to pepper cultivation, producing 461.65 tonnes without any disruptions."
Kozhikode,3331.67,895.73,2012,0,0,0.0,895.73,"In 2012, the district Kozhikode had an area of 3331.67 hectares dedicated to pepper cultivation, producing 895.73 tonnes without any disruptions."
Wayanad,12917.06,6814.06,2012,0,0,0.0,6814.06,"In 2012, the district Wayanad had an area of 12917.06 hectares dedicated to pepper cultivation, producing 6814.06 tonnes without any disruptions."
Kannur,4192.49,1525.17,2012,0,0,0.0,1525.17,"In 2012, the district Kannur had an area of 4192.49 hectares dedicated to pepper cultivation, producing 1525.17 tonnes without any disruptions."
Kasaragode,2660.89,1151.73,2012,0,0,0.0,1151.73,"In 2012, the district Kasaragode had an area of 2660.89 hectares dedicated to pepper cultivation, producing 1151.73 tonnes without any disruptions."
Thiruvananthapuram,2187.7,927.36,2013,0,0,0.0,927.36,"In 2013, the district Thiruvananthapuram had an area of 2187.7 hectares dedicated to pepper cultivation, producing 927.36 tonnes without any disruptions."
Kollam,3360.27,1102.94,2013,0,0,0.0,1102.94,"In 2013, the district Kollam had an area of 3360.27 hectares dedicated to pepper cultivation, producing 1102.94 tonnes without any disruptions."
Pathanamthitta,1737.31,609.64,2013,0,0,0.0,609.64,"In 2013, the district Pathanamthitta had an area of 1737.31 hectares dedicated to pepper cultivation, producing 609.64 tonnes without any disruptions."
Alappuzha,586.22,127.52,2013,0,0,0.0,127.52,"In 2013, the district Alappuzha had an area of 586.22 hectares dedicated to pepper cultivation, producing 127.52 tonnes without any disruptions."
Kottayam,3218.89,1151.39,2013,0,0,0.0,1151.39,"In 2013, the district Kottayam had an area of 3218.89 hectares dedicated to pepper cultivation, producing 1151.39 tonnes without any disruptions."
Idukki,41526.3,24797.7,2013,0,0,0.0,24797.7,"In 2013, the district Idukki had an area of 41526.3 hectares dedicated to pepper cultivation, producing 24797.7 tonnes without any disruptions."
Ernakulam,1894.1,534.65,2013,0,0,0.0,534.65,"In 2013, the district Ernakulam had an area of 1894.1 hectares dedicated to pepper cultivation, producing 534.65 tonnes without any disruptions."
Thrissur,1731.71,463.4,2013,0,0,0.0,463.4,"In 2013, the district Thrissur had an area of 1731.71 hectares dedicated to pepper cultivation, producing 463.4 tonnes without any disruptions."
Palakkad,2557.93,972.22,2013,0,0,0.0,972.22,"In 2013, the district Palakkad had an area of 2557.93 hectares dedicated to pepper cultivation, producing 972.22 tonnes without any disruptions."
Malappuram,2904.72,454.79,2013,0,0,0.0,454.79,"In 2013, the district Malappuram had an area of 2904.72 hectares dedicated to pepper cultivation, producing 454.79 tonnes without any disruptions."
Kozhikode,3625.72,974.79,2013,0,0,0.0,974.79,"In 2013, the district Kozhikode had an area of 3625.72 hectares dedicated to pepper cultivation, producing 974.79 tonnes without any disruptions."
Wayanad,12044.97,6354.02,2013,0,0,0.0,6354.02,"In 2013, the district Wayanad had an area of 12044.97 hectares dedicated to pepper cultivation, producing 6354.02 tonnes without any disruptions."
Kannur,4201.15,1528.32,2013,0,0,0.0,1528.32,"In 2013, the district Kannur had an area of 4201.15 hectares dedicated to pepper cultivation, producing 1528.32 tonnes without any disruptions."
Kasaragode,2640.82,1143.04,2013,0,0,0.0,1143.04,"In 2013, the district Kasaragode had an area of 2640.82 hectares dedicated to pepper cultivation, producing 1143.04 tonnes without any disruptions."
Thiruvananthapuram,2390.38,1013.28,2014,0,0,0.0,1013.28,"In 2014, the district Thiruvananthapuram had an area of 2390.38 hectares dedicated to pepper cultivation, producing 1013.28 tonnes without any disruptions."
Kollam,3455.65,1134.24,2014,0,0,0.0,1134.24,"In 2014, the district Kollam had an area of 3455.65 hectares dedicated to pepper cultivation, producing 1134.24 tonnes without any disruptions."
Pathanamthitta,1665.68,584.5,2014,0,0,0.0,584.5,"In 2014, the district Pathanamthitta had an area of 1665.68 hectares dedicated to pepper cultivation, producing 584.5 tonnes without any disruptions."
Alappuzha,625.86,136.14,2014,0,0,0.0,136.14,"In 2014, the district Alappuzha had an area of 625.86 hectares dedicated to pepper cultivation, producing 136.14 tonnes without any disruptions."
Kottayam,3316.99,1186.48,2014,0,0,0.0,1186.48,"In 2014, the district Kottayam had an area of 3316.99 hectares dedicated to pepper cultivation, producing 1186.48 tonnes without any disruptions."
Idukki,42929.67,25635.73,2014,0,0,0.0,25635.73,"In 2014, the district Idukki had an area of 42929.67 hectares dedicated to pepper cultivation, producing 25635.73 tonnes without any disruptions."
Ernakulam,1872.54,528.56,2014,0,0,0.0,528.56,"In 2014, the district Ernakulam had an area of 1872.54 hectares dedicated to pepper cultivation, producing 528.56 tonnes without any disruptions."
Thrissur,1743.79,466.63,2014,0,0,0.0,466.63,"In 2014, the district Thrissur had an area of 1743.79 hectares dedicated to pepper cultivation, producing 466.63 tonnes without any disruptions."
Palakkad,2407.87,915.18,2014,0,0,0.0,915.18,"In 2014, the district Palakkad had an area of 2407.87 hectares dedicated to pepper cultivation, producing 915.18 tonnes without any disruptions."
Malappuram,3054.7,478.27,2014,0,0,0.0,478.27,"In 2014, the district Malappuram had an area of 3054.7 hectares dedicated to pepper cultivation, producing 478.27 tonnes without any disruptions."
Kozhikode,3613.11,971.4,2014,0,0,0.0,971.4,"In 2014, the district Kozhikode had an area of 3613.11 hectares dedicated to pepper cultivation, producing 971.4 tonnes without any disruptions."
Wayanad,12664.35,6680.75,2014,0,0,0.0,6680.75,"In 2014, the district Wayanad had an area of 12664.35 hectares dedicated to pepper cultivation, producing 6680.75 tonnes without any disruptions."
Kannur,4200.28,1528.0,2014,0,0,0.0,1528.0,"In 2014, the district Kannur had an area of 4200.28 hectares dedicated to pepper cultivation, producing 1528.0 tonnes without any disruptions."
Kasaragode,2705.58,1171.07,2014,0,0,0.0,1171.07,"In 2014, the district Kasaragode had an area of 2705.58 hectares dedicated to pepper cultivation, producing 1171.07 tonnes without any disruptions."
Thiruvananthapuram,2344.81,993.96,2015,0,0,0.0,993.96,"In 2015, the district Thiruvananthapuram had an area of 2344.81 hectares dedicated to pepper cultivation, producing 993.96 tonnes without any disruptions."
Kollam,3462.24,1136.4,2015,0,0,0.0,1136.4,"In 2015, the district Kollam had an area of 3462.24 hectares dedicated to pepper cultivation, producing 1136.4 tonnes without any disruptions."
Pathanamthitta,1773.08,622.19,2015,0,0,0.0,622.19,"In 2015, the district Pathanamthitta had an area of 1773.08 hectares dedicated to pepper cultivation, producing 622.19 tonnes without any disruptions."
Alappuzha,633.24,137.75,2015,0,0,0.0,137.75,"In 2015, the district Alappuzha had an area of 633.24 hectares dedicated to pepper cultivation, producing 137.75 tonnes without any disruptions."
Kottayam,3260.66,1166.33,2015,0,0,0.0,1166.33,"In 2015, the district Kottayam had an area of 3260.66 hectares dedicated to pepper cultivation, producing 1166.33 tonnes without any disruptions."
Idukki,40918.53,24434.77,2015,0,0,0.0,24434.77,"In 2015, the district Idukki had an area of 40918.53 hectares dedicated to pepper cultivation, producing 24434.77 tonnes without any disruptions."
Ernakulam,1803.83,509.17,2015,0,0,0.0,509.17,"In 2015, the district Ernakulam had an area of 1803.83 hectares dedicated to pepper cultivation, producing 509.17 tonnes without any disruptions."
Thrissur,1861.34,498.09,2015,0,0,0.0,498.09,"In 2015, the district Thrissur had an area of 1861.34 hectares dedicated to pepper cultivation, producing 498.09 tonnes without any disruptions."
Palakkad,2536.71,964.15,2015,0,0,0.0,964.15,"In 2015, the district Palakkad had an area of 2536.71 hectares dedicated to pepper cultivation, producing 964.15 tonnes without any disruptions."
Malappuram,2793.8,437.42,2015,0,0,0.0,437.42,"In 2015, the district Malappuram had an area of 2793.8 hectares dedicated to pepper cultivation, producing 437.42 tonnes without any disruptions."
Kozhikode,3335.55,896.78,2015,0,0,0.0,896.78,"In 2015, the district Kozhikode had an area of 3335.55 hectares dedicated to pepper cultivation, producing 896.78 tonnes without any disruptions."
Wayanad,12702.34,6700.79,2015,0,0,0.0,6700.79,"In 2015, the district Wayanad had an area of 12702.34 hectares dedicated to pepper cultivation, producing 6700.79 tonnes without any disruptions."
Kannur,4057.71,1476.14,2015,0,0,0.0,1476.14,"In 2015, the district Kannur had an area of 4057.71 hectares dedicated to pepper cultivation, producing 1476.14 tonnes without any disruptions."
Kasaragode,2653.82,1148.67,2015,0,0,0.0,1148.67,"In 2015, the district Kasaragode had an area of 2653.82 hectares dedicated to pepper cultivation, producing 1148.67 tonnes without any disruptions."
Thiruvananthapuram,2304.17,976.73,2016,0,0,0.0,976.73,"In 2016, the district Thiruvananthapuram had an area of 2304.17 hectares dedicated to pepper cultivation, producing 976.73 tonnes without any disruptions."
Kollam,3393.9,1113.97,2016,0,0,0.0,1113.97,"In 2016, the district Kollam had an area of 3393.9 hectares dedicated to pepper cultivation, producing 1113.97 tonnes without any disruptions."
Pathanamthitta,1732.94,608.1,2016,0,0,0.0,608.1,"In 2016, the district Pathanamthitta had an area of 1732.94 hectares dedicated to pepper cultivation, producing 608.1 tonnes without any disruptions."
Alappuzha,599.01,130.3,2016,0,0,0.0,130.3,"In 2016, the district Alappuzha had an area of 599.01 hectares dedicated to pepper cultivation, producing 130.3 tonnes without any disruptions."
Kottayam,3283.22,1174.4,2016,0,0,0.0,1174.4,"In 2016, the district Kottayam had an area of 3283.22 hectares dedicated to pepper cultivation, producing 1174.4 tonnes without any disruptions."
Idukki,41572.21,24825.12,2016,0,0,0.0,24825.12,"In 2016, the district Idukki had an area of 41572.21 hectares dedicated to pepper cultivation, producing 24825.12 tonnes without any disruptions."
Ernakulam,1834.4,517.8,2016,0,0,0.0,517.8,"In 2016, the district Ernakulam had an area of 1834.4 hectares dedicated to pepper cultivation, producing 517.8 tonnes without any disruptions."
Thrissur,1834.12,490.81,2016,0,0,0.0,490.81,"In 2016, the district Thrissur had an area of 1834.12 hectares dedicated to pepper cultivation, producing 490.81 tonnes without any disruptions."
Palakkad,2547.56,968.28,2016,0,0,0.0,968.28,"In 2016, the district Palakkad had an area of 2547.56 hectares dedicated to pepper cultivation, producing 968.28 tonnes without any disruptions."
Malappuram,3040.6,476.06,2016,0,0,0.0,476.06,"In 2016, the district Malappuram had an area of 3040.6 hectares dedicated to pepper cultivation, producing 476.06 tonnes without any disruptions."
Kozhikode,3528.75,948.72,2016,0,0,0.0,948.72,"In 2016, the district Kozhikode had an area of 3528.75 hectares dedicated to pepper cultivation, producing 948.72 tonnes without any disruptions."
Wayanad,12583.37,6638.03,2016,0,0,0.0,6638.03,"In 2016, the district Wayanad had an area of 12583.37 hectares dedicated to pepper cultivation, producing 6638.03 tonnes without any disruptions."
Kannur,4095.54,1489.9,2016,0,0,0.0,1489.9,"In 2016, the district Kannur had an area of 4095.54 hectares dedicated to pepper cultivation, producing 1489.9 tonnes without any disruptions."
Kasaragode,2710.66,1173.27,2016,0,0,0.0,1173.27,"In 2016, the district Kasaragode had an area of 2710.66 hectares dedicated to pepper cultivation, producing 1173.27 tonnes without any disruptions."
Thiruvananthapuram,2239.16,949.18,2017,0,0,0.0,949.18,"In 2017, the district Thiruvananthapuram had an area of 2239.16 hectares dedicated to pepper cultivation, producing 949.18 tonnes without any disruptions."
Kollam,3244.75,1065.02,2017,0,0,0.0,1065.02,"In 2017, the district Kollam had an area of 3244.75 hectares dedicated to pepper cultivation, producing 1065.02 tonnes without any disruptions."
Pathanamthitta,1787.74,627.33,2017,0,0,0.0,627.33,"In 2017, the district Pathanamthitta had an area of 1787.74 hectares dedicated to pepper cultivation, producing 627.33 tonnes without any disruptions."
Alappuzha,609.41,132.57,2017,0,0,0.0,132.57,"In 2017, the district Alappuzha had an area of 609.41 hectares dedicated to pepper cultivation, producing 132.57 tonnes without any disruptions."
Kottayam,3341.04,1195.08,2017,0,0,0.0,1195.08,"In 2017, the district Kottayam had an area of 3341.04 hectares dedicated to pepper cultivation, producing 1195.08 tonnes without any disruptions."
Idukki,43253.88,25829.34,2017,0,0,0.0,25829.34,"In 2017, the district Idukki had an area of 43253.88 hectares dedicated to pepper cultivation, producing 25829.34 tonnes without any disruptions."
Ernakulam,1922.04,542.54,2017,0,0,0.0,542.54,"In 2017, the district Ernakulam had an area of 1922.04 hectares dedicated to pepper cultivation, producing 542.54 tonnes without any disruptions."
Thrissur,1790.47,479.13,2017,0,0,0.0,479.13,"In 2017, the district Thrissur had an area of 1790.47 hectares dedicated to pepper cultivation, producing 479.13 tonnes without any disruptions."
Palakkad,2529.3,961.34,2017,0,0,0.0,961.34,"In 2017, the district Palakkad had an area of 2529.3 hectares dedicated to pepper cultivation, producing 961.34 tonnes without any disruptions."
Malappuram,2935.8,459.66,2017,0,0,0.0,459.66,"In 2017, the district Malappuram had an area of 2935.8 hectares dedicated to pepper cultivation, producing 459.66 tonnes without any disruptions."
Kozhikode,3368.13,905.54,2017,0,0,0.0,905.54,"In 2017, the district Kozhikode had an area of 3368.13 hectares dedicated to pepper cultivation, producing 905.54 tonnes without any disruptions."
Wayanad,12776.02,6739.66,2017,0,0,0.0,6739.66,"In 2017, the district Wayanad had an area of 12776.02 hectares dedicated to pepper cultivation, producing 6739.66 tonnes without any disruptions."
Kannur,4175.41,1518.95,2017,0,0,0.0,1518.95,"In 2017, the district Kannur had an area of 4175.41 hectares dedicated to pepper cultivation, producing 1518.95 tonnes without any disruptions."
Kasaragode,2616.33,1132.44,2017,0,0,0.0,1132.44,"In 2017, the district Kasaragode had an area of 2616.33 hectares dedicated to pepper cultivation, producing 1132.44 tonnes without any disruptions."
Thiruvananthapuram,2326.36,986.14,2018,1,31,305.7,680.44,"In 2018, the district Thiruvananthapuram had an area of 2326.36 hectares dedicated to pepper cultivation, producing 986.14 tonnes. Due to disruptions with a severity of 31%, the production was reduced to 680.44 tonnes."
Kollam,3222.48,1057.71,2018,1,31,327.89,729.82,"In 2018, the district Kollam had an area of 3222.48 hectares dedicated to pepper cultivation, producing 1057.71 tonnes. Due to disruptions with a severity of 31%, the production was reduced to 729.82 tonnes."
Pathanamthitta,1782.19,625.38,2018,1,31,193.87,431.51,"In 2018, the district Pathanamthitta had an area of 1782.19 hectares dedicated to pepper cultivation, producing 625.38 tonnes. Due to disruptions with a severity of 31%, the production was reduced to 431.51 tonnes."
Alappuzha,643.96,140.08,2018,1,31,43.42,96.66,"In 2018, the district Alappuzha had an area of 643.96 hectares dedicated to pepper cultivation, producing 140.08 tonnes. Due to disruptions with a severity of 31%, the production was reduced to 96.66 tonnes."
Kottayam,3348.38,1197.71,2018,1,31,371.29,826.42,"In 2018, the district Kottayam had an area of 3348.38 hectares dedicated to pepper cultivation, producing 1197.71 tonnes. Due to disruptions with a severity of 31%, the production was reduced to 826.42 tonnes."
Idukki,42139.66,25163.97,2018,1,31,7800.83,17363.14,"In 2018, the district Idukki had an area of 42139.66 hectares dedicated to pepper cultivation, producing 25163.97 tonnes. Due to disruptions with a severity of 31%, the production was reduced to 17363.14 tonnes."
Ernakulam,1776.54,501.47,2018,1,31,155.46,346.01,"In 2018, the district Ernakulam had an area of 1776.54 hectares dedicated to pepper cultivation, producing 501.47 tonnes. Due to disruptions with a severity of 31%, the production was reduced to 346.01 tonnes."
Thrissur,1866.67,499.52,2018,1,31,154.85,344.67,"In 2018, the district Thrissur had an area of 1866.67 hectares dedicated to pepper cultivation, producing 499.52 tonnes. Due to disruptions with a severity of 31%, the production was reduced to 344.67 tonnes."
Palakkad,2491.97,947.15,2018,1,31,293.62,653.53,"In 2018, the district Palakkad had an area of 2491.97 hectares dedicated to pepper cultivation, producing 947.15 tonnes. Due to disruptions with a severity of 31%, the production was reduced to 653.53 tonnes."
Malappuram,3075.1,481.47,2018,1,31,149.26,332.21,"In 2018, the district Malappuram had an area of 3075.1 hectares dedicated to pepper cultivation, producing 481.47 tonnes. Due to disruptions with a severity of 31%, the production was reduced to 332.21 tonnes."
Kozhikode,3635.06,977.3,2018,1,31,302.96,674.34,"In 2018, the district Kozhikode had an area of 3635.06 hectares dedicated to pepper cultivation, producing 977.3 tonnes. Due to disruptions with a severity of 31%, the production was reduced to 674.34 tonnes."
Wayanad,12939.19,6825.74,2018,1,31,2115.98,4709.76,"In 2018, the district Wayanad had an area of 12939.19 hectares dedicated to pepper cultivation, producing 6825.74 tonnes. Due to disruptions with a severity of 31%, the production was reduced to 4709.76 tonnes."
Kannur,4181.25,1521.08,2018,1,31,471.53,1049.55,"In 2018, the district Kannur had an area of 4181.25 hectares dedicated to pepper cultivation, producing 1521.08 tonnes. Due to disruptions with a severity of 31%, the production was reduced to 1049.55 tonnes."
Kasaragode,2715.44,1175.34,2018,1,31,364.36,810.98,"In 2018, the district Kasaragode had an area of 2715.44 hectares dedicated to pepper cultivation, producing 1175.34 tonnes. Due to disruptions with a severity of 31%, the production was reduced to 810.98 tonnes."
Thiruvananthapuram,2373.52,1006.13,2019,1,28,281.72,724.41,"In 2019, the district Thiruvananthapuram had an area of 2373.52 hectares dedicated to pepper cultivation, producing 1006.13 tonnes. Due to disruptions with a severity of 28%, the production was reduced to 724.41 tonnes."
Kollam,3269.04,1072.99,2019,1,28,300.44,772.55,"In 2019, the district Kollam had an area of 3269.04 hectares dedicated to pepper cultivation, producing 1072.99 tonnes. Due to disruptions with a severity of 28%, the production was reduced to 772.55 tonnes."
Pathanamthitta,1650.58,579.2,2019,1,28,162.18,417.02,"In 2019, the district Pathanamthitta had an area of 1650.58 hectares dedicated to pepper cultivation, producing 579.2 tonnes. Due to disruptions with a severity of 28%, the production was reduced to 417.02 tonnes."
Alappuzha,619.5,134.76,2019,1,28,37.73,97.03,"In 2019, the district Alappuzha had an area of 619.5 hectares dedicated to pepper cultivation, producing 134.76 tonnes. Due to disruptions with a severity of 28%, the production was reduced to 97.03 tonnes."
Kottayam,3355.22,1200.16,2019,1,28,336.04,864.12,"In 2019, the district Kottayam had an area of 3355.22 hectares dedicated to pepper cultivation, producing 1200.16 tonnes. Due to disruptions with a severity of 28%, the production was reduced to 864.12 tonnes."
Idukki,43530.93,25994.78,2019,1,28,7278.54,18716.24,"In 2019, the district Idukki had an area of 43530.93 hectares dedicated to pepper cultivation, producing 25994.78 tonnes. Due to disruptions with a severity of 28%, the production was reduced to 18716.24 tonnes."
Ernakulam,1880.08,530.69,2019,1,28,148.59,382.1,"In 2019, the district Ernakulam had an area of 1880.08 hectares dedicated to pepper cultivation, producing 530.69 tonnes. Due to disruptions with a severity of 28%, the production was reduced to 382.1 tonnes."
Thrissur,1717.89,459.7,2019,1,28,128.72,330.98,"In 2019, the district Thrissur had an area of 1717.89 hectares dedicated to pepper cultivation, producing 459.7 tonnes. Due to disruptions with a severity of 28%, the production was reduced to 330.98 tonnes."
Palakkad,2538.87,964.97,2019,1,28,270.19,694.78,"In 2019, the district Palakkad had an area of 2538.87 hectares dedicated to pepper cultivation, producing 964.97 tonnes. Due to disruptions with a severity of 28%, the production was reduced to 694.78 tonnes."
Malappuram,3081.98,482.54,2019,1,28,135.11,347.43,"In 2019, the district Malappuram had an area of 3081.98 hectares dedicated to pepper cultivation, producing 482.54 tonnes. Due to disruptions with a severity of 28%, the production was reduced to 347.43 tonnes."
Kozhikode,3348.97,900.39,2019,1,28,252.11,648.28,"In 2019, the district Kozhikode had an area of 3348.97 hectares dedicated to pepper cultivation, producing 900.39 tonnes. Due to disruptions with a severity of 28%, the production was reduced to 648.28 tonnes."
Wayanad,12520.91,6605.09,2019,1,28,1849.43,4755.66,"In 2019, the district Wayanad had an area of 12520.91 hectares dedicated to pepper cultivation, producing 6605.09 tonnes. Due to disruptions with a severity of 28%, the production was reduced to 4755.66 tonnes."
Kannur,4430.1,1611.61,2019,1,28,451.25,1160.36,"In 2019, the district Kannur had an area of 4430.1 hectares dedicated to pepper cultivation, producing 1611.61 tonnes. Due to disruptions with a severity of 28%, the production was reduced to 1160.36 tonnes."
Kasaragode,2813.14,1217.63,2019,1,28,340.94,876.69,"In 2019, the district Kasaragode had an area of 2813.14 hectares dedicated to pepper cultivation, producing 1217.63 tonnes. Due to disruptions with a severity of 28%, the production was reduced to 876.69 tonnes."
Thiruvananthapuram,2338.18,991.15,2020,0,0,0.0,991.15,"In 2020, the district Thiruvananthapuram had an area of 2338.18 hectares dedicated to pepper cultivation, producing 991.15 tonnes without any disruptions."
Kollam,3397.43,1115.13,2020,0,0,0.0,1115.13,"In 2020, the district Kollam had an area of 3397.43 hectares dedicated to pepper cultivation, producing 1115.13 tonnes without any disruptions."
Pathanamthitta,1683.02,590.59,2020,0,0,0.0,590.59,"In 2020, the district Pathanamthitta had an area of 1683.02 hectares dedicated to pepper cultivation, producing 590.59 tonnes without any disruptions."
Alappuzha,603.29,131.24,2020,0,0,0.0,131.24,"In 2020, the district Alappuzha had an area of 603.29 hectares dedicated to pepper cultivation, producing 131.24 tonnes without any disruptions."
Kottayam,3314.46,1185.58,2020,0,0,0.0,1185.58,"In 2020, the district Kottayam had an area of 3314.46 hectares dedicated to pepper cultivation, producing 1185.58 tonnes without any disruptions."
Idukki,44018.0,26285.64,2020,0,0,0.0,26285.64,"In 2020, the district Idukki had an area of 44018.0 hectares dedicated to pepper cultivation, producing 26285.64 tonnes without any disruptions."
Ernakulam,1935.53,546.34,2020,0,0,0.0,546.34,"In 2020, the district Ernakulam had an area of 1935.53 hectares dedicated to pepper cultivation, producing 546.34 tonnes without any disruptions."
Thrissur,1863.97,498.79,2020,0,0,0.0,498.79,"In 2020, the district Thrissur had an area of 1863.97 hectares dedicated to pepper cultivation, producing 498.79 tonnes without any disruptions."
Palakkad,2512.85,955.08,2020,0,0,0.0,955.08,"In 2020, the district Palakkad had an area of 2512.85 hectares dedicated to pepper cultivation, producing 955.08 tonnes without any disruptions."
Malappuram,2938.45,460.07,2020,0,0,0.0,460.07,"In 2020, the district Malappuram had an area of 2938.45 hectares dedicated to pepper cultivation, producing 460.07 tonnes without any disruptions."
Kozhikode,3577.63,961.86,2020,0,0,0.0,961.86,"In 2020, the district Kozhikode had an area of 3577.63 hectares dedicated to pepper cultivation, producing 961.86 tonnes without any disruptions."
Wayanad,12685.42,6691.87,2020,0,0,0.0,6691.87,"In 2020, the district Wayanad had an area of 12685.42 hectares dedicated to pepper cultivation, producing 6691.87 tonnes without any disruptions."
Kannur,4355.22,1584.37,2020,0,0,0.0,1584.37,"In 2020, the district Kannur had an area of 4355.22 hectares dedicated to pepper cultivation, producing 1584.37 tonnes without any disruptions."
Kasaragode,2828.25,1224.17,2020,0,0,0.0,1224.17,"In 2020, the district Kasaragode had an area of 2828.25 hectares dedicated to pepper cultivation, producing 1224.17 tonnes without any disruptions."
